{"cameraMode":{"drawMode":0,"name":"Shaded","section":"Shading Mode"},"sceneLighting":true,"audioPlay":false,"sceneViewState":{"m_AlwaysRefresh":false,"showFog":true,"showSkybox":true,"showFlares":true,"showImageEffects":true,"showParticleSystems":true,"showVisualEffectGraphs":true,"m_FxEnabled":true},"in2DMode":false,"pivot":{"x":-6.539726734161377,"y":3.4830987453460695,"z":8.805006980895996},"rotation":{"x":-0.008999780751764775,"y":0.0021021331194788219,"z":0.000018816115698427893,"w":0.9999580979347229},"size":9.985006332397461,"orthographic":false}