{"cameraMode":{"drawMode":0,"name":"Shaded","section":"Shading Mode"},"sceneLighting":false,"audioPlay":false,"sceneViewState":{"m_AlwaysRefresh":false,"showFog":true,"showSkybox":false,"showFlares":true,"showImageEffects":true,"showParticleSystems":true,"showVisualEffectGraphs":true,"m_FxEnabled":true},"in2DMode":false,"pivot":{"x":13.599566459655762,"y":0.6717382073402405,"z":-0.28357410430908205},"rotation":{"x":-0.005868201144039631,"y":0.20845699310302735,"z":0.0012504986952990294,"w":0.9780171513557434},"size":0.9482558369636536,"orthographic":false}